Datetime,Water Level (m)
2025-06-20 12:00:00,0.10160657
2025-06-20 13:00:00,0.60592896
2025-06-20 14:00:00,1.0726142
2025-06-20 15:00:00,1.4199598
2025-06-20 16:00:00,1.5682051
2025-06-20 17:00:00,1.436142
2025-06-20 18:00:00,1.0897537
2025-06-20 19:00:00,0.6633366
2025-06-20 20:00:00,0.21604854
2025-06-20 21:00:00,-0.20661382
2025-06-20 22:00:00,-0.5923203
2025-06-20 23:00:00,-0.7914937
2025-06-21 00:00:00,-0.46484303
2025-06-21 01:00:00,0.14359337
2025-06-21 02:00:00,0.7918837
2025-06-21 03:00:00,1.3575892
2025-06-21 04:00:00,1.7590716
2025-06-21 05:00:00,1.881962
2025-06-21 06:00:00,1.7026877
2025-06-21 07:00:00,1.3094912
2025-06-21 08:00:00,0.85948795
2025-06-21 09:00:00,0.39166734
2025-06-21 10:00:00,-0.036292236
2025-06-21 11:00:00,-0.40210545
2025-06-21 12:00:00,-0.5405158
2025-06-21 13:00:00,-0.18072177
2025-06-21 14:00:00,0.39232576
2025-06-21 15:00:00,0.9453434
2025-06-21 16:00:00,1.3861419
2025-06-21 17:00:00,1.620208
2025-06-21 18:00:00,1.5339564
2025-06-21 19:00:00,1.1827437
2025-06-21 20:00:00,0.7462585
2025-06-21 21:00:00,0.2814864
2025-06-21 22:00:00,-0.15736626
2025-06-21 23:00:00,-0.55776906
2025-06-22 00:00:00,-0.78489524
2025-06-22 01:00:00,-0.48144346
2025-06-22 02:00:00,0.15207915
2025-06-22 03:00:00,0.8404258
2025-06-22 04:00:00,1.4548631
2025-06-22 05:00:00,1.9099293
2025-06-22 06:00:00,2.0856276
2025-06-22 07:00:00,1.9127874
2025-06-22 08:00:00,1.5065167
2025-06-22 09:00:00,1.0324935
2025-06-22 10:00:00,0.5427285
2025-06-22 11:00:00,0.083540775
2025-06-22 12:00:00,-0.31131655
2025-06-22 13:00:00,-0.49565968
2025-06-22 14:00:00,-0.14681895
2025-06-22 15:00:00,0.43184844
2025-06-22 16:00:00,0.9851646
2025-06-22 17:00:00,1.4393045
2025-06-22 18:00:00,1.699038
2025-06-22 19:00:00,1.6306069
2025-06-22 20:00:00,1.2767805
2025-06-22 21:00:00,0.8301972
2025-06-22 22:00:00,0.353126
2025-06-22 23:00:00,-0.10103625
2025-06-23 00:00:00,-0.5191348
2025-06-23 01:00:00,-0.7659285
2025-06-23 02:00:00,-0.42260978
2025-06-23 03:00:00,0.25020787
2025-06-23 04:00:00,0.9736885
2025-06-23 05:00:00,1.6139432
2025-06-23 06:00:00,2.0789962
2025-06-23 07:00:00,2.2494936
2025-06-23 08:00:00,2.0410874
2025-06-23 09:00:00,1.6031947
2025-06-23 10:00:00,1.1030246
2025-06-23 11:00:00,0.58773
2025-06-23 12:00:00,0.097876444
2025-06-23 13:00:00,-0.3316151
2025-06-23 14:00:00,-0.57434905
2025-06-23 15:00:00,-0.25750935
2025-06-23 16:00:00,0.36100358
2025-06-23 17:00:00,0.9675208
2025-06-23 18:00:00,1.4587853
2025-06-23 19:00:00,1.7362485
2025-06-23 20:00:00,1.6709048
2025-06-23 21:00:00,1.3033144
2025-06-23 22:00:00,0.84710556
2025-06-23 23:00:00,0.36023608
2025-06-24 00:00:00,-0.10380421
2025-06-24 01:00:00,-0.5274153
2025-06-24 02:00:00,-0.75447077
2025-06-24 03:00:00,-0.3290559
2025-06-24 04:00:00,0.39155385
2025-06-24 05:00:00,1.1402999
2025-06-24 06:00:00,1.8003579
2025-06-24 07:00:00,2.2614262
2025-06-24 08:00:00,2.3913994
2025-06-24 09:00:00,2.1266782
2025-06-24 10:00:00,1.6534289
2025-06-24 11:00:00,1.1303537
2025-06-24 12:00:00,0.5948657
2025-06-24 13:00:00,0.0869707
2025-06-24 14:00:00,-0.35779625
2025-06-24 15:00:00,-0.5958295
2025-06-24 16:00:00,-0.2222597
2025-06-24 17:00:00,0.43038115
2025-06-24 18:00:00,1.0580018
2025-06-24 19:00:00,1.5625745
2025-06-24 20:00:00,1.8399973
2025-06-24 21:00:00,1.7501254
2025-06-24 22:00:00,1.3598622
2025-06-24 23:00:00,0.88842726
2025-06-25 00:00:00,0.39112496
2025-06-25 01:00:00,-0.080006376
2025-06-25 02:00:00,-0.49864522
2025-06-25 03:00:00,-0.64578056
2025-06-25 04:00:00,-0.12679155
2025-06-25 05:00:00,0.63590395
2025-06-25 06:00:00,1.3941867
2025-06-25 07:00:00,2.0649588
2025-06-25 08:00:00,2.5160186
2025-06-25 09:00:00,2.5843527
2025-06-25 10:00:00,2.261978
2025-06-25 11:00:00,1.7556139
2025-06-25 12:00:00,1.2150985
2025-06-25 13:00:00,0.6692397
2025-06-25 14:00:00,0.1532245
2025-06-25 15:00:00,-0.28587714
2025-06-25 16:00:00,-0.45081657
2025-06-25 17:00:00,0.021269217
2025-06-25 18:00:00,0.70136607
2025-06-25 19:00:00,1.3155862
2025-06-25 20:00:00,1.791561
2025-06-25 21:00:00,2.0126958
2025-06-25 22:00:00,1.8290132
2025-06-25 23:00:00,1.4024204
2025-06-26 00:00:00,0.9084512
2025-06-26 01:00:00,0.39981276
2025-06-26 02:00:00,-0.07825587
2025-06-26 03:00:00,-0.4900453
2025-06-26 04:00:00,-0.55157846
2025-06-26 05:00:00,0.03813595
2025-06-26 06:00:00,0.829802
2025-06-26 07:00:00,1.5865235
2025-06-26 08:00:00,2.2107189
2025-06-26 09:00:00,2.579595
2025-06-26 10:00:00,2.5335748
2025-06-26 11:00:00,2.1239822
2025-06-26 12:00:00,1.5979465
